Titre,Entreprise,Localisation,Type contrat,Niveau d'études,Expérience,Date Publication,Salaire,Lien Offre
Technicien Plateau Technique H/F,Groupe Cerba Healthcare recrutement,Essonne - 91,CDI,Bac +2,"Bac +3, Bac +4",08/12/2025,Pas de salaire renseigné,https://www.hellowork.com/fr-fr/emplois/66399608.html
Opérateur de Relation Client Bilingue H/F,Groupe Cerba Healthcare recrutement,Val-d'Oise - 95,CDI,Bac +5,Service public hospitalier,08/12/2025,Pas de salaire renseigné,https://www.hellowork.com/fr-fr/emplois/65122943.html
Coordinateur de Projets Informatiques H/F,AS-Tech Solutions recrutement,Lattes - 34,CDI,"Bac +3, Bac +4",Bac +5,08/12/2025,42 000 - 55 000 € / an,https://www.hellowork.com/fr-fr/emplois/72409185.html
Technicien·ne Exploitation Assainissement H/F,SUEZ recrutement,L'Aigle - 61,CDI,"BEP, CAP",Bac,08/12/2025,Estimation → 22 149 - 27 300 € / an,https://www.hellowork.com/fr-fr/emplois/70090271.html
Opérateur d'Exploitation H/F,SUEZ recrutement,Oriolles - 16,CDI,Bac,Bac +2,08/12/2025,Estimation → 23 900 - 36 500 € / an,https://www.hellowork.com/fr-fr/emplois/71282725.html
Technicien de Maintenance Industrielle H/F,SUEZ recrutement,Saint-Jean-de-Folleville - 76,CDI,Bac,Bac +2,08/12/2025,Estimation → 24 500 - 32 500 € / an,https://www.hellowork.com/fr-fr/emplois/71282727.html
Auxiliaire de Vie Débutant à Chabanière H/F,Essentiel & Domicile recrutement,Rhône - 69,CDI,"BEP, CAP",Services aux Personnes • Particuliers,08/12/2025,"12,20 - 13,40 € / heure",https://www.hellowork.com/fr-fr/emplois/72408190.html
Auxiliaire de Vie - Temps Partiel H/F,Essentiel & Domicile recrutement,Cesson-Sévigné - 35,CDI,"BEP, CAP",Bac,08/12/2025,1 650 - 1 768 € / mois,https://www.hellowork.com/fr-fr/emplois/66419647.html
Technicien Electrique H/F,Trescal recrutement,Cherbourg-en-Cotentin - 50,CDI,Bac +2,"Bac +3, Bac +4",08/12/2025,24 000 - 29 500 € / an,https://www.hellowork.com/fr-fr/emplois/51033148.html
Mécanicien TP Itinérant H/F,CHRONO Flex recrutement,Nexon - 87,CDI,"BEP, CAP",Services aux Entreprises,08/12/2025,2 300 - 2 800 € / mois,https://www.hellowork.com/fr-fr/emplois/72401372.html
Responsable d'Équipe Calcul Flex H/F,Assystem recrutement,Tours - 37,CDI,Bac +5,Services aux Entreprises,08/12/2025,Estimation → 37 800 - 53 800 € / an,https://www.hellowork.com/fr-fr/emplois/71272106.html
Agent de Propreté H/F,ABER Propreté recrutement,Plabennec - 29,CDI,"BEP, CAP",Bac,08/12/2025,"12,38 € / an",https://www.hellowork.com/fr-fr/emplois/71246898.html
Agent de Propreté H/F,ABER Propreté recrutement,Gouesnou - 29,CDI,"BEP, CAP",Bac,08/12/2025,"12,38 € / jour",https://www.hellowork.com/fr-fr/emplois/71246847.html
Laveur de Vitre H/F,ABER Propreté recrutement,Morlaix - 29,CDI,"BEP, CAP",Services aux Entreprises,08/12/2025,"2 044,46 € / mois",https://www.hellowork.com/fr-fr/emplois/56511955.html
Manager Cybersécurité Grc H/F,Forvis Mazars recrutement,Levallois-Perret - 92,CDI,Bac +5,Secteur informatique • ESN,08/12/2025,Estimation → 46 200 - 76 200 € / an,https://www.hellowork.com/fr-fr/emplois/72432299.html
Secrétaire Comptable - Saint Etienne H/F,Forvis Mazars recrutement,Saint-Étienne - 42,CDI,Bac,Bac +2,08/12/2025,Estimation → 22 200 - 27 000 € / an,https://www.hellowork.com/fr-fr/emplois/70089383.html
Business Manager H/F,ACEPP recrutement,Paris 14e - 75,CDI,Bac +5,Services aux Entreprises,08/12/2025,36 000 - 65 000 € / an,https://www.hellowork.com/fr-fr/emplois/66418628.html
Senior Manager - Expert Comptable H/F,Forvis Mazars recrutement,La Motte-Servolex - 73,CDI,Bac +5,Secteur informatique • ESN,08/12/2025,Estimation → 40 000 - 62 500 € / an,https://www.hellowork.com/fr-fr/emplois/71254057.html
Collaborateur Confirmé H/F,BPA Experts Associés recrutement,Saint-Jean-de-Védas - 34,CDI,"Bac +3, Bac +4",Bac +5,07/12/2025,30 000 - 36 000 € / an,https://www.hellowork.com/fr-fr/emplois/73478164.html
Expert-Comptable H/F,N/A,Paris - 75,CDI,Bac +5,Services aux Entreprises,07/12/2025,50 000 - 95 000 € / an,https://www.hellowork.com/fr-fr/emplois/73478163.html
Collaborateur Comptable Confirmé H/F,BPA Experts Associés recrutement,Le Mans - 72,CDI,Bac +2,"Bac +3, Bac +4",07/12/2025,30 000 - 36 000 € / an,https://www.hellowork.com/fr-fr/emplois/73478170.html
Responsable QHSE H/F,ALSEAMAR recrutement,Six-Fours-les-Plages - 83,CDI,Bac +5,Industrie Auto • Meca • Navale,08/12/2025,40 000 - 55 000 € / an,https://www.hellowork.com/fr-fr/emplois/71244309.html
Dessinateur Projeteur en Cvcd Plomberie H/F,SPIE BATIGNOLLES recrutement,Montanay - 69,CDI,Bac,Bac +2,08/12/2025,Estimation → 27 500 - 36 200 € / an,https://www.hellowork.com/fr-fr/emplois/72439494.html
Chef d'Équipe Maçonnerie Polyvalent H/F,SPIE BATIGNOLLES recrutement,Bretteville-sur-Odon - 14,CDI,"BEP, CAP",BTP,08/12/2025,Estimation → 22 700 - 32 000 € / an,https://www.hellowork.com/fr-fr/emplois/72417305.html
Bûcheron H/F,SPIE BATIGNOLLES recrutement,La Lande-Patry - 61,CDI,"BEP, CAP",BTP,08/12/2025,Estimation → 21 622 - 22 300 € / an,https://www.hellowork.com/fr-fr/emplois/72439514.html
Chef d'Équipe Paysagiste H/F,SPIE BATIGNOLLES recrutement,Servon-sur-Vilaine - 35,CDI,Bac,Bac +2,08/12/2025,Estimation → 24 570 - 30 000 € / an,https://www.hellowork.com/fr-fr/emplois/72431663.html
Technicien de Maintenance Fluides Industriels H/F,SPIE BATIGNOLLES recrutement,Pompaire - 79,CDI,Bac +2,BTP,08/12/2025,Pas de salaire renseigné,https://www.hellowork.com/fr-fr/emplois/72431676.html
Chef d'Équipe Paysagiste - Secteur Création H/F,SPIE BATIGNOLLES recrutement,Trappes - 78,CDI,Bac,Bac +2,08/12/2025,Estimation → 24 570 - 30 000 € / an,https://www.hellowork.com/fr-fr/emplois/72431680.html
Tuyauteur Soudeur H/F,SPIE BATIGNOLLES recrutement,Boé - 47,CDI,"BEP, CAP",Bac,08/12/2025,Estimation → 23 400 - 26 390 € / an,https://www.hellowork.com/fr-fr/emplois/72431681.html
Chef de Chantier Électricité H/F,SPIE BATIGNOLLES recrutement,Chambéry - 73,CDI,Bac,Bac +2,08/12/2025,Estimation → 37 200 - 50 000 € / an,https://www.hellowork.com/fr-fr/emplois/72431682.html
Technicien Plateau Technique H/F,Groupe Cerba Healthcare recrutement,Essonne - 91,CDI,Bac +2,"Bac +3, Bac +4",08/12/2025,Pas de salaire renseigné,https://www.hellowork.com/fr-fr/emplois/66399608.html
Opérateur de Relation Client Bilingue H/F,Groupe Cerba Healthcare recrutement,Val-d'Oise - 95,CDI,Bac +5,Service public hospitalier,08/12/2025,Pas de salaire renseigné,https://www.hellowork.com/fr-fr/emplois/65122943.html
Coordinateur de Projets Informatiques H/F,AS-Tech Solutions recrutement,Lattes - 34,CDI,"Bac +3, Bac +4",Bac +5,08/12/2025,42 000 - 55 000 € / an,https://www.hellowork.com/fr-fr/emplois/72409185.html
Technicien·ne Exploitation Assainissement H/F,SUEZ recrutement,L'Aigle - 61,CDI,"BEP, CAP",Bac,08/12/2025,Estimation → 22 149 - 27 300 € / an,https://www.hellowork.com/fr-fr/emplois/70090271.html
Opérateur d'Exploitation H/F,SUEZ recrutement,Oriolles - 16,CDI,Bac,Bac +2,08/12/2025,Estimation → 23 900 - 36 500 € / an,https://www.hellowork.com/fr-fr/emplois/71282725.html
Technicien de Maintenance Industrielle H/F,SUEZ recrutement,Saint-Jean-de-Folleville - 76,CDI,Bac,Bac +2,08/12/2025,Estimation → 24 500 - 32 500 € / an,https://www.hellowork.com/fr-fr/emplois/71282727.html
Auxiliaire de Vie Débutant à Chabanière H/F,Essentiel & Domicile recrutement,Rhône - 69,CDI,"BEP, CAP",Services aux Personnes • Particuliers,08/12/2025,"12,20 - 13,40 € / heure",https://www.hellowork.com/fr-fr/emplois/72408190.html
Auxiliaire de Vie - Temps Partiel H/F,Essentiel & Domicile recrutement,Cesson-Sévigné - 35,CDI,"BEP, CAP",Bac,08/12/2025,1 650 - 1 768 € / mois,https://www.hellowork.com/fr-fr/emplois/66419647.html
Technicien Electrique H/F,Trescal recrutement,Cherbourg-en-Cotentin - 50,CDI,Bac +2,"Bac +3, Bac +4",08/12/2025,24 000 - 29 500 € / an,https://www.hellowork.com/fr-fr/emplois/51033148.html
Mécanicien TP Itinérant H/F,CHRONO Flex recrutement,Nexon - 87,CDI,"BEP, CAP",Services aux Entreprises,08/12/2025,2 300 - 2 800 € / mois,https://www.hellowork.com/fr-fr/emplois/72401372.html
Responsable d'Équipe Calcul Flex H/F,Assystem recrutement,Tours - 37,CDI,Bac +5,Services aux Entreprises,08/12/2025,Estimation → 37 800 - 53 800 € / an,https://www.hellowork.com/fr-fr/emplois/71272106.html
Agent de Propreté H/F,ABER Propreté recrutement,Plabennec - 29,CDI,"BEP, CAP",Bac,08/12/2025,"12,38 € / an",https://www.hellowork.com/fr-fr/emplois/71246898.html
Agent de Propreté H/F,ABER Propreté recrutement,Gouesnou - 29,CDI,"BEP, CAP",Bac,08/12/2025,"12,38 € / jour",https://www.hellowork.com/fr-fr/emplois/71246847.html
Laveur de Vitre H/F,ABER Propreté recrutement,Morlaix - 29,CDI,"BEP, CAP",Services aux Entreprises,08/12/2025,"2 044,46 € / mois",https://www.hellowork.com/fr-fr/emplois/56511955.html
Manager Cybersécurité Grc H/F,Forvis Mazars recrutement,Levallois-Perret - 92,CDI,Bac +5,Secteur informatique • ESN,08/12/2025,Estimation → 46 200 - 76 200 € / an,https://www.hellowork.com/fr-fr/emplois/72432299.html
Secrétaire Comptable - Saint Etienne H/F,Forvis Mazars recrutement,Saint-Étienne - 42,CDI,Bac,Bac +2,08/12/2025,Estimation → 22 200 - 27 000 € / an,https://www.hellowork.com/fr-fr/emplois/70089383.html
Business Manager H/F,ACEPP recrutement,Paris 14e - 75,CDI,Bac +5,Services aux Entreprises,08/12/2025,36 000 - 65 000 € / an,https://www.hellowork.com/fr-fr/emplois/66418628.html
Senior Manager - Expert Comptable H/F,Forvis Mazars recrutement,La Motte-Servolex - 73,CDI,Bac +5,Secteur informatique • ESN,08/12/2025,Estimation → 40 000 - 62 500 € / an,https://www.hellowork.com/fr-fr/emplois/71254057.html
Collaborateur Confirmé H/F,BPA Experts Associés recrutement,Saint-Jean-de-Védas - 34,CDI,"Bac +3, Bac +4",Bac +5,07/12/2025,30 000 - 36 000 € / an,https://www.hellowork.com/fr-fr/emplois/73478164.html
Expert-Comptable H/F,N/A,Paris - 75,CDI,Bac +5,Services aux Entreprises,07/12/2025,50 000 - 95 000 € / an,https://www.hellowork.com/fr-fr/emplois/73478163.html
Collaborateur Comptable Confirmé H/F,BPA Experts Associés recrutement,Le Mans - 72,CDI,Bac +2,"Bac +3, Bac +4",07/12/2025,30 000 - 36 000 € / an,https://www.hellowork.com/fr-fr/emplois/73478170.html
Responsable QHSE H/F,ALSEAMAR recrutement,Six-Fours-les-Plages - 83,CDI,Bac +5,Industrie Auto • Meca • Navale,08/12/2025,40 000 - 55 000 € / an,https://www.hellowork.com/fr-fr/emplois/71244309.html
Dessinateur Projeteur en Cvcd Plomberie H/F,SPIE BATIGNOLLES recrutement,Montanay - 69,CDI,Bac,Bac +2,08/12/2025,Estimation → 27 500 - 36 200 € / an,https://www.hellowork.com/fr-fr/emplois/72439494.html
Chef d'Équipe Maçonnerie Polyvalent H/F,SPIE BATIGNOLLES recrutement,Bretteville-sur-Odon - 14,CDI,"BEP, CAP",BTP,08/12/2025,Estimation → 22 700 - 32 000 € / an,https://www.hellowork.com/fr-fr/emplois/72417305.html
Bûcheron H/F,SPIE BATIGNOLLES recrutement,La Lande-Patry - 61,CDI,"BEP, CAP",BTP,08/12/2025,Estimation → 21 622 - 22 300 € / an,https://www.hellowork.com/fr-fr/emplois/72439514.html
Chef d'Équipe Paysagiste H/F,SPIE BATIGNOLLES recrutement,Servon-sur-Vilaine - 35,CDI,Bac,Bac +2,08/12/2025,Estimation → 24 570 - 30 000 € / an,https://www.hellowork.com/fr-fr/emplois/72431663.html
Technicien de Maintenance Fluides Industriels H/F,SPIE BATIGNOLLES recrutement,Pompaire - 79,CDI,Bac +2,BTP,08/12/2025,Pas de salaire renseigné,https://www.hellowork.com/fr-fr/emplois/72431676.html
Chef d'Équipe Paysagiste - Secteur Création H/F,SPIE BATIGNOLLES recrutement,Trappes - 78,CDI,Bac,Bac +2,08/12/2025,Estimation → 24 570 - 30 000 € / an,https://www.hellowork.com/fr-fr/emplois/72431680.html
Tuyauteur Soudeur H/F,SPIE BATIGNOLLES recrutement,Boé - 47,CDI,"BEP, CAP",Bac,08/12/2025,Estimation → 23 400 - 26 390 € / an,https://www.hellowork.com/fr-fr/emplois/72431681.html
Chef de Chantier Électricité H/F,SPIE BATIGNOLLES recrutement,Chambéry - 73,CDI,Bac,Bac +2,08/12/2025,Estimation → 37 200 - 50 000 € / an,https://www.hellowork.com/fr-fr/emplois/72431682.html
Conseiller Commercial H/F,Würth France recrutement,Marseille - 13,CDI,Bac +2,Distribution • Commerce de gros,08/12/2025,Estimation → 28 500 - 43 000 € / an,https://www.hellowork.com/fr-fr/emplois/71273889.html
Charge·e de Clientele Hospitalier H/F,MACSF recrutement,Grenoble - 38,CDI,Bac +2,"Bac +3, Bac +4",08/12/2025,40 000 - 42 000 € / an,https://www.hellowork.com/fr-fr/emplois/72401890.html
Charge·e de Clientele Hospitalier H/F,MACSF recrutement,Chambéry - 73,CDI,Bac +2,"Bac +3, Bac +4",08/12/2025,40 000 - 42 000 € / an,https://www.hellowork.com/fr-fr/emplois/72401713.html
Carrossier H/F,Fraikin recrutement,Amiens - 80,CDI,"BEP, CAP",Bac,08/12/2025,Estimation → 22 640 - 27 300 € / an,https://www.hellowork.com/fr-fr/emplois/71232668.html
Technicien de Maintenance Ascenseurs H/F,Schindler recrutement,Mulhouse - 68,CDI,Bac,Industrie Manufacturière,08/12/2025,1 802 - 2 500 € / mois,https://www.hellowork.com/fr-fr/emplois/72416500.html
Employé Production H/F,Dachser France recrutement,Narbonne - 11,CDI,"BEP, CAP",Bac,08/12/2025,Estimation → 21 622 - 22 750 € / an,https://www.hellowork.com/fr-fr/emplois/72440179.html
Responsable Ressources Humaines H/F,Dachser France recrutement,Wissous - 91,CDI,"Bac +3, Bac +4",Bac +5,08/12/2025,Estimation → 44 200 - 71 200 € / an,https://www.hellowork.com/fr-fr/emplois/72412918.html
Second de Cuisine H/F,Alsacienne de restauration recrutement,Épinal - 88,CDI,"BEP, CAP",Tourisme • Hôtellerie • Loisirs,08/12/2025,Estimation → 23 712 - 29 280 € / an,https://www.hellowork.com/fr-fr/emplois/72431690.html
Employé Polyvalent de REST - Equipier H/F,Elior Restauration recrutement,Asnières-sur-Seine - 92,CDI,"BEP, CAP",Bac,08/12/2025,1 441 € / mois,https://www.hellowork.com/fr-fr/emplois/72431692.html
Chef d'Équipe Propreté H/F,Onet Propreté et Services recrutement,Le Lamentin - 972,CDI,"BEP, CAP",Bac,08/12/2025,Estimation → 21 676 - 22 531 € / an,https://www.hellowork.com/fr-fr/emplois/72401212.html
Agent de Propreté H/F,Onet Propreté et Services recrutement,Pornic - 44,CDI,"BEP, CAP",Bac,08/12/2025,Pas de salaire renseigné,https://www.hellowork.com/fr-fr/emplois/72415152.html
Vendeur Produits Éditoriaux H/F,Fnac recrutement,Nice - 06,CDI,"BEP, CAP",Bac,08/12/2025,1 817 € / mois,https://www.hellowork.com/fr-fr/emplois/73479114.html
Agent de Propreté H/F,Onet Propreté et Services recrutement,Le Pouliguen - 44,CDI,"BEP, CAP",Bac,08/12/2025,Pas de salaire renseigné,https://www.hellowork.com/fr-fr/emplois/72415224.html
Inspecteur de Fabrication H/F,Safran recrutement,Corbeil-Essonnes - 91,CDI,Bac +5,Industrie Aéronautique • Aérospatial,08/12/2025,Estimation → 35 700 - 55 000 € / an,https://www.hellowork.com/fr-fr/emplois/71257332.html
Vendeur Responsable de Rayon - CDI H/F,JYSK recrutement,Val de Briey - 54,CDI,Bac,Bac +2,08/12/2025,Estimation → 24 300 - 32 900 € / an,https://www.hellowork.com/fr-fr/emplois/72410349.html
Agent de Télésurveillance H/F,IMA Protect recrutement,Nantes - 44,CDI,"BEP, CAP",Bac,08/12/2025,1 925 € / mois,https://www.hellowork.com/fr-fr/emplois/71273035.html
Preparateur de Commandes - CACES 1 - CDD - CDI H/F,EpiSaveurs - Groupe Pomona recrutement,Le Pontet - 84,CDI,Bac,Distribution • Commerce de gros,08/12/2025,Estimation → 21 622 - 22 500 € / an,https://www.hellowork.com/fr-fr/emplois/72413805.html
Responsable Ressources Humaines H/F,Sames recrutement,Stains - 93,CDI,Bac +5,Industrie Manufacturière,08/12/2025,Estimation → 44 200 - 71 200 € / an,https://www.hellowork.com/fr-fr/emplois/71257450.html
Ingénieur Commercial Senior - Intégrateur IT H/F,Epsight recrutement,Nantes - 44,CDI,"Bac +3, Bac +4",Bac +5,08/12/2025,55 000 - 75 000 € / an,https://www.hellowork.com/fr-fr/emplois/71273678.html
Responsable d'Exploitation H/F,Dalkia recrutement,Saillat-sur-Vienne - 87,CDI,Bac +5,Secteur Energie • Environnement,08/12/2025,Pas de salaire renseigné,https://www.hellowork.com/fr-fr/emplois/71274974.html
Technicien de Quart en Maintenance CVC - Electricien - Site Hospitalier H/F,Dalkia recrutement,Saclay - 91,CDI,Bac,Secteur Energie • Environnement,08/12/2025,Pas de salaire renseigné,https://www.hellowork.com/fr-fr/emplois/68934710.html
Responsable Gestion des Terminaux Ferroviaire de Valognes Maritime de Cherbourg et Wagons H/F,Orano recrutement,Valognes - 50,CDI,Bac +5,Secteur Energie • Environnement,08/12/2025,Estimation → 47 500 - 65 000 € / an,https://www.hellowork.com/fr-fr/emplois/72426679.html
Ingénieur Etudes de Prix - Estimation des Coûts H/F,Orano recrutement,Bagnols-sur-Cèze - 30,CDI,Bac +5,Secteur Energie • Environnement,08/12/2025,Estimation → 30 000 - 57 500 € / an,https://www.hellowork.com/fr-fr/emplois/72426676.html
Directeur Adjoint en Charge de la Préparation et de l'Exploitation du Chantier Site Adf H/F,Orano recrutement,La Hague - 50,CDI,Bac +5,Secteur Energie • Environnement,08/12/2025,Pas de salaire renseigné,https://www.hellowork.com/fr-fr/emplois/72408984.html
Vendeur H/F,Feu Vert recrutement,Clermont-Ferrand - 63,CDI,"BEP, CAP",Bac,08/12/2025,1 900 - 2 500 € / mois,https://www.hellowork.com/fr-fr/emplois/71259988.html
Agent Logistique H/F,Feu Vert recrutement,Ain - 01,CDI,Bac,Bac +2,08/12/2025,1 865 - 1 905 € / mois,https://www.hellowork.com/fr-fr/emplois/72427055.html
Préparateur de Commande Confirmé H/F,Feu Vert recrutement,Ain - 01,CDI,"BEP, CAP",Bac,08/12/2025,1 865 - 1 950 € / mois,https://www.hellowork.com/fr-fr/emplois/72426970.html
Vendeur H/F,Feu Vert recrutement,Annemasse - 74,CDI,"BEP, CAP",Bac,08/12/2025,1 900 - 2 500 € / mois,https://www.hellowork.com/fr-fr/emplois/72412915.html
Technicien Projets Démantèlement H/F,Orano recrutement,Chusclan - 30,CDI,Bac +2,"Bac +3, Bac +4",08/12/2025,Pas de salaire renseigné,https://www.hellowork.com/fr-fr/emplois/55263511.html
Opérateur - Technicien d'Exploitation 7x8 Gbii H/F,Orano recrutement,Pierrelatte - 26,CDI,Bac,Bac +2,08/12/2025,Estimation → 23 700 - 37 500 € / an,https://www.hellowork.com/fr-fr/emplois/71229856.html
Conseiller Commercial H/F,Würth France recrutement,Marseille - 13,CDI,Bac +2,Distribution • Commerce de gros,08/12/2025,Estimation → 28 500 - 43 000 € / an,https://www.hellowork.com/fr-fr/emplois/71273889.html
Charge·e de Clientele Hospitalier H/F,MACSF recrutement,Grenoble - 38,CDI,Bac +2,"Bac +3, Bac +4",08/12/2025,40 000 - 42 000 € / an,https://www.hellowork.com/fr-fr/emplois/72401890.html
Charge·e de Clientele Hospitalier H/F,MACSF recrutement,Chambéry - 73,CDI,Bac +2,"Bac +3, Bac +4",08/12/2025,40 000 - 42 000 € / an,https://www.hellowork.com/fr-fr/emplois/72401713.html
Carrossier H/F,Fraikin recrutement,Amiens - 80,CDI,"BEP, CAP",Bac,08/12/2025,Estimation → 22 640 - 27 300 € / an,https://www.hellowork.com/fr-fr/emplois/71232668.html
Technicien de Maintenance Ascenseurs H/F,Schindler recrutement,Mulhouse - 68,CDI,Bac,Industrie Manufacturière,08/12/2025,1 802 - 2 500 € / mois,https://www.hellowork.com/fr-fr/emplois/72416500.html
Employé Production H/F,Dachser France recrutement,Narbonne - 11,CDI,"BEP, CAP",Bac,08/12/2025,Estimation → 21 622 - 22 750 € / an,https://www.hellowork.com/fr-fr/emplois/72440179.html
Responsable Ressources Humaines H/F,Dachser France recrutement,Wissous - 91,CDI,"Bac +3, Bac +4",Bac +5,08/12/2025,Estimation → 44 200 - 71 200 € / an,https://www.hellowork.com/fr-fr/emplois/72412918.html
Second de Cuisine H/F,Alsacienne de restauration recrutement,Épinal - 88,CDI,"BEP, CAP",Tourisme • Hôtellerie • Loisirs,08/12/2025,Estimation → 23 712 - 29 280 € / an,https://www.hellowork.com/fr-fr/emplois/72431690.html
Employé Polyvalent de REST - Equipier H/F,Elior Restauration recrutement,Asnières-sur-Seine - 92,CDI,"BEP, CAP",Bac,08/12/2025,1 441 € / mois,https://www.hellowork.com/fr-fr/emplois/72431692.html
Chef d'Équipe Propreté H/F,Onet Propreté et Services recrutement,Le Lamentin - 972,CDI,"BEP, CAP",Bac,08/12/2025,Estimation → 21 676 - 22 531 € / an,https://www.hellowork.com/fr-fr/emplois/72401212.html
Agent de Propreté H/F,Onet Propreté et Services recrutement,Pornic - 44,CDI,"BEP, CAP",Bac,08/12/2025,Pas de salaire renseigné,https://www.hellowork.com/fr-fr/emplois/72415152.html
Vendeur Produits Éditoriaux H/F,Fnac recrutement,Nice - 06,CDI,"BEP, CAP",Bac,08/12/2025,1 817 € / mois,https://www.hellowork.com/fr-fr/emplois/73479114.html
Agent de Propreté H/F,Onet Propreté et Services recrutement,Le Pouliguen - 44,CDI,"BEP, CAP",Bac,08/12/2025,Pas de salaire renseigné,https://www.hellowork.com/fr-fr/emplois/72415224.html
Inspecteur de Fabrication H/F,Safran recrutement,Corbeil-Essonnes - 91,CDI,Bac +5,Industrie Aéronautique • Aérospatial,08/12/2025,Estimation → 35 700 - 55 000 € / an,https://www.hellowork.com/fr-fr/emplois/71257332.html
Vendeur Responsable de Rayon - CDI H/F,JYSK recrutement,Val de Briey - 54,CDI,Bac,Bac +2,08/12/2025,Estimation → 24 300 - 32 900 € / an,https://www.hellowork.com/fr-fr/emplois/72410349.html
Agent de Télésurveillance H/F,IMA Protect recrutement,Nantes - 44,CDI,"BEP, CAP",Bac,08/12/2025,1 925 € / mois,https://www.hellowork.com/fr-fr/emplois/71273035.html
Preparateur de Commandes - CACES 1 - CDD - CDI H/F,EpiSaveurs - Groupe Pomona recrutement,Le Pontet - 84,CDI,Bac,Distribution • Commerce de gros,08/12/2025,Estimation → 21 622 - 22 500 € / an,https://www.hellowork.com/fr-fr/emplois/72413805.html
Responsable Ressources Humaines H/F,Sames recrutement,Stains - 93,CDI,Bac +5,Industrie Manufacturière,08/12/2025,Estimation → 44 200 - 71 200 € / an,https://www.hellowork.com/fr-fr/emplois/71257450.html
Ingénieur Commercial Senior - Intégrateur IT H/F,Epsight recrutement,Nantes - 44,CDI,"Bac +3, Bac +4",Bac +5,08/12/2025,55 000 - 75 000 € / an,https://www.hellowork.com/fr-fr/emplois/71273678.html
Responsable d'Exploitation H/F,Dalkia recrutement,Saillat-sur-Vienne - 87,CDI,Bac +5,Secteur Energie • Environnement,08/12/2025,Pas de salaire renseigné,https://www.hellowork.com/fr-fr/emplois/71274974.html
Technicien de Quart en Maintenance CVC - Electricien - Site Hospitalier H/F,Dalkia recrutement,Saclay - 91,CDI,Bac,Secteur Energie • Environnement,08/12/2025,Pas de salaire renseigné,https://www.hellowork.com/fr-fr/emplois/68934710.html
Responsable Gestion des Terminaux Ferroviaire de Valognes Maritime de Cherbourg et Wagons H/F,Orano recrutement,Valognes - 50,CDI,Bac +5,Secteur Energie • Environnement,08/12/2025,Estimation → 47 500 - 65 000 € / an,https://www.hellowork.com/fr-fr/emplois/72426679.html
Ingénieur Etudes de Prix - Estimation des Coûts H/F,Orano recrutement,Bagnols-sur-Cèze - 30,CDI,Bac +5,Secteur Energie • Environnement,08/12/2025,Estimation → 30 000 - 57 500 € / an,https://www.hellowork.com/fr-fr/emplois/72426676.html
Directeur Adjoint en Charge de la Préparation et de l'Exploitation du Chantier Site Adf H/F,Orano recrutement,La Hague - 50,CDI,Bac +5,Secteur Energie • Environnement,08/12/2025,Pas de salaire renseigné,https://www.hellowork.com/fr-fr/emplois/72408984.html
Vendeur H/F,Feu Vert recrutement,Clermont-Ferrand - 63,CDI,"BEP, CAP",Bac,08/12/2025,1 900 - 2 500 € / mois,https://www.hellowork.com/fr-fr/emplois/71259988.html
Agent Logistique H/F,Feu Vert recrutement,Ain - 01,CDI,Bac,Bac +2,08/12/2025,1 865 - 1 905 € / mois,https://www.hellowork.com/fr-fr/emplois/72427055.html
Préparateur de Commande Confirmé H/F,Feu Vert recrutement,Ain - 01,CDI,"BEP, CAP",Bac,08/12/2025,1 865 - 1 950 € / mois,https://www.hellowork.com/fr-fr/emplois/72426970.html
Vendeur H/F,Feu Vert recrutement,Annemasse - 74,CDI,"BEP, CAP",Bac,08/12/2025,1 900 - 2 500 € / mois,https://www.hellowork.com/fr-fr/emplois/72412915.html
Technicien Projets Démantèlement H/F,Orano recrutement,Chusclan - 30,CDI,Bac +2,"Bac +3, Bac +4",08/12/2025,Pas de salaire renseigné,https://www.hellowork.com/fr-fr/emplois/55263511.html
Opérateur - Technicien d'Exploitation 7x8 Gbii H/F,Orano recrutement,Pierrelatte - 26,CDI,Bac,Bac +2,08/12/2025,Estimation → 23 700 - 37 500 € / an,https://www.hellowork.com/fr-fr/emplois/71229856.html
Conseiller Commercial H/F,Würth France recrutement,Marseille - 13,CDI,Bac +2,Distribution • Commerce de gros,08/12/2025,Estimation → 28 500 - 43 000 € / an,https://www.hellowork.com/fr-fr/emplois/71273889.html
Charge·e de Clientele Hospitalier H/F,MACSF recrutement,Grenoble - 38,CDI,Bac +2,"Bac +3, Bac +4",08/12/2025,40 000 - 42 000 € / an,https://www.hellowork.com/fr-fr/emplois/72401890.html
Charge·e de Clientele Hospitalier H/F,MACSF recrutement,Chambéry - 73,CDI,Bac +2,"Bac +3, Bac +4",08/12/2025,40 000 - 42 000 € / an,https://www.hellowork.com/fr-fr/emplois/72401713.html
Carrossier H/F,Fraikin recrutement,Amiens - 80,CDI,"BEP, CAP",Bac,08/12/2025,Estimation → 22 640 - 27 300 € / an,https://www.hellowork.com/fr-fr/emplois/71232668.html
Technicien de Maintenance Ascenseurs H/F,Schindler recrutement,Mulhouse - 68,CDI,Bac,Industrie Manufacturière,08/12/2025,1 802 - 2 500 € / mois,https://www.hellowork.com/fr-fr/emplois/72416500.html
Employé Production H/F,Dachser France recrutement,Narbonne - 11,CDI,"BEP, CAP",Bac,08/12/2025,Estimation → 21 622 - 22 750 € / an,https://www.hellowork.com/fr-fr/emplois/72440179.html
Responsable Ressources Humaines H/F,Dachser France recrutement,Wissous - 91,CDI,"Bac +3, Bac +4",Bac +5,08/12/2025,Estimation → 44 200 - 71 200 € / an,https://www.hellowork.com/fr-fr/emplois/72412918.html
Second de Cuisine H/F,Alsacienne de restauration recrutement,Épinal - 88,CDI,"BEP, CAP",Tourisme • Hôtellerie • Loisirs,08/12/2025,Estimation → 23 712 - 29 280 € / an,https://www.hellowork.com/fr-fr/emplois/72431690.html
Employé Polyvalent de REST - Equipier H/F,Elior Restauration recrutement,Asnières-sur-Seine - 92,CDI,"BEP, CAP",Bac,08/12/2025,1 441 € / mois,https://www.hellowork.com/fr-fr/emplois/72431692.html
Chef d'Équipe Propreté H/F,Onet Propreté et Services recrutement,Le Lamentin - 972,CDI,"BEP, CAP",Bac,08/12/2025,Estimation → 21 676 - 22 531 € / an,https://www.hellowork.com/fr-fr/emplois/72401212.html
Agent de Propreté H/F,Onet Propreté et Services recrutement,Pornic - 44,CDI,"BEP, CAP",Bac,08/12/2025,Pas de salaire renseigné,https://www.hellowork.com/fr-fr/emplois/72415152.html
Vendeur Produits Éditoriaux H/F,Fnac recrutement,Nice - 06,CDI,"BEP, CAP",Bac,08/12/2025,1 817 € / mois,https://www.hellowork.com/fr-fr/emplois/73479114.html
Agent de Propreté H/F,Onet Propreté et Services recrutement,Le Pouliguen - 44,CDI,"BEP, CAP",Bac,08/12/2025,Pas de salaire renseigné,https://www.hellowork.com/fr-fr/emplois/72415224.html
Inspecteur de Fabrication H/F,Safran recrutement,Corbeil-Essonnes - 91,CDI,Bac +5,Industrie Aéronautique • Aérospatial,08/12/2025,Estimation → 35 700 - 55 000 € / an,https://www.hellowork.com/fr-fr/emplois/71257332.html
Vendeur Responsable de Rayon - CDI H/F,JYSK recrutement,Val de Briey - 54,CDI,Bac,Bac +2,08/12/2025,Estimation → 24 300 - 32 900 € / an,https://www.hellowork.com/fr-fr/emplois/72410349.html
Agent de Télésurveillance H/F,IMA Protect recrutement,Nantes - 44,CDI,"BEP, CAP",Bac,08/12/2025,1 925 € / mois,https://www.hellowork.com/fr-fr/emplois/71273035.html
Preparateur de Commandes - CACES 1 - CDD - CDI H/F,EpiSaveurs - Groupe Pomona recrutement,Le Pontet - 84,CDI,Bac,Distribution • Commerce de gros,08/12/2025,Estimation → 21 622 - 22 500 € / an,https://www.hellowork.com/fr-fr/emplois/72413805.html
Responsable Ressources Humaines H/F,Sames recrutement,Stains - 93,CDI,Bac +5,Industrie Manufacturière,08/12/2025,Estimation → 44 200 - 71 200 € / an,https://www.hellowork.com/fr-fr/emplois/71257450.html
Ingénieur Commercial Senior - Intégrateur IT H/F,Epsight recrutement,Nantes - 44,CDI,"Bac +3, Bac +4",Bac +5,08/12/2025,55 000 - 75 000 € / an,https://www.hellowork.com/fr-fr/emplois/71273678.html
Responsable d'Exploitation H/F,Dalkia recrutement,Saillat-sur-Vienne - 87,CDI,Bac +5,Secteur Energie • Environnement,08/12/2025,Pas de salaire renseigné,https://www.hellowork.com/fr-fr/emplois/71274974.html
Technicien de Quart en Maintenance CVC - Electricien - Site Hospitalier H/F,Dalkia recrutement,Saclay - 91,CDI,Bac,Secteur Energie • Environnement,08/12/2025,Pas de salaire renseigné,https://www.hellowork.com/fr-fr/emplois/68934710.html
Responsable Gestion des Terminaux Ferroviaire de Valognes Maritime de Cherbourg et Wagons H/F,Orano recrutement,Valognes - 50,CDI,Bac +5,Secteur Energie • Environnement,08/12/2025,Estimation → 47 500 - 65 000 € / an,https://www.hellowork.com/fr-fr/emplois/72426679.html
Ingénieur Etudes de Prix - Estimation des Coûts H/F,Orano recrutement,Bagnols-sur-Cèze - 30,CDI,Bac +5,Secteur Energie • Environnement,08/12/2025,Estimation → 30 000 - 57 500 € / an,https://www.hellowork.com/fr-fr/emplois/72426676.html
Directeur Adjoint en Charge de la Préparation et de l'Exploitation du Chantier Site Adf H/F,Orano recrutement,La Hague - 50,CDI,Bac +5,Secteur Energie • Environnement,08/12/2025,Pas de salaire renseigné,https://www.hellowork.com/fr-fr/emplois/72408984.html
Vendeur H/F,Feu Vert recrutement,Clermont-Ferrand - 63,CDI,"BEP, CAP",Bac,08/12/2025,1 900 - 2 500 € / mois,https://www.hellowork.com/fr-fr/emplois/71259988.html
Agent Logistique H/F,Feu Vert recrutement,Ain - 01,CDI,Bac,Bac +2,08/12/2025,1 865 - 1 905 € / mois,https://www.hellowork.com/fr-fr/emplois/72427055.html
Préparateur de Commande Confirmé H/F,Feu Vert recrutement,Ain - 01,CDI,"BEP, CAP",Bac,08/12/2025,1 865 - 1 950 € / mois,https://www.hellowork.com/fr-fr/emplois/72426970.html
Vendeur H/F,Feu Vert recrutement,Annemasse - 74,CDI,"BEP, CAP",Bac,08/12/2025,1 900 - 2 500 € / mois,https://www.hellowork.com/fr-fr/emplois/72412915.html
Technicien Projets Démantèlement H/F,Orano recrutement,Chusclan - 30,CDI,Bac +2,"Bac +3, Bac +4",08/12/2025,Pas de salaire renseigné,https://www.hellowork.com/fr-fr/emplois/55263511.html
Opérateur - Technicien d'Exploitation 7x8 Gbii H/F,Orano recrutement,Pierrelatte - 26,CDI,Bac,Bac +2,08/12/2025,Estimation → 23 700 - 37 500 € / an,https://www.hellowork.com/fr-fr/emplois/71229856.html
Technicien Plateau Technique H/F,Groupe Cerba Healthcare recrutement,Essonne - 91,CDI,Bac +2,"Bac +3, Bac +4",08/12/2025,Pas de salaire renseigné,https://www.hellowork.com/fr-fr/emplois/66399608.html
Opérateur de Relation Client Bilingue H/F,Groupe Cerba Healthcare recrutement,Val-d'Oise - 95,CDI,Bac +5,Service public hospitalier,08/12/2025,Pas de salaire renseigné,https://www.hellowork.com/fr-fr/emplois/65122943.html
Coordinateur de Projets Informatiques H/F,AS-Tech Solutions recrutement,Lattes - 34,CDI,"Bac +3, Bac +4",Bac +5,08/12/2025,42 000 - 55 000 € / an,https://www.hellowork.com/fr-fr/emplois/72409185.html
Technicien·ne Exploitation Assainissement H/F,SUEZ recrutement,L'Aigle - 61,CDI,"BEP, CAP",Bac,08/12/2025,Estimation → 22 149 - 27 300 € / an,https://www.hellowork.com/fr-fr/emplois/70090271.html
Opérateur d'Exploitation H/F,SUEZ recrutement,Oriolles - 16,CDI,Bac,Bac +2,08/12/2025,Estimation → 23 900 - 36 500 € / an,https://www.hellowork.com/fr-fr/emplois/71282725.html
Technicien de Maintenance Industrielle H/F,SUEZ recrutement,Saint-Jean-de-Folleville - 76,CDI,Bac,Bac +2,08/12/2025,Estimation → 24 500 - 32 500 € / an,https://www.hellowork.com/fr-fr/emplois/71282727.html
Auxiliaire de Vie Débutant à Chabanière H/F,Essentiel & Domicile recrutement,Rhône - 69,CDI,"BEP, CAP",Services aux Personnes • Particuliers,08/12/2025,"12,20 - 13,40 € / heure",https://www.hellowork.com/fr-fr/emplois/72408190.html
Auxiliaire de Vie - Temps Partiel H/F,Essentiel & Domicile recrutement,Cesson-Sévigné - 35,CDI,"BEP, CAP",Bac,08/12/2025,1 650 - 1 768 € / mois,https://www.hellowork.com/fr-fr/emplois/66419647.html
Technicien Electrique H/F,Trescal recrutement,Cherbourg-en-Cotentin - 50,CDI,Bac +2,"Bac +3, Bac +4",08/12/2025,24 000 - 29 500 € / an,https://www.hellowork.com/fr-fr/emplois/51033148.html
Mécanicien TP Itinérant H/F,CHRONO Flex recrutement,Nexon - 87,CDI,"BEP, CAP",Services aux Entreprises,08/12/2025,2 300 - 2 800 € / mois,https://www.hellowork.com/fr-fr/emplois/72401372.html
Responsable d'Équipe Calcul Flex H/F,Assystem recrutement,Tours - 37,CDI,Bac +5,Services aux Entreprises,08/12/2025,Estimation → 37 800 - 53 800 € / an,https://www.hellowork.com/fr-fr/emplois/71272106.html
Agent de Propreté H/F,ABER Propreté recrutement,Plabennec - 29,CDI,"BEP, CAP",Bac,08/12/2025,"12,38 € / an",https://www.hellowork.com/fr-fr/emplois/71246898.html
Agent de Propreté H/F,ABER Propreté recrutement,Gouesnou - 29,CDI,"BEP, CAP",Bac,08/12/2025,"12,38 € / jour",https://www.hellowork.com/fr-fr/emplois/71246847.html
Laveur de Vitre H/F,ABER Propreté recrutement,Morlaix - 29,CDI,"BEP, CAP",Services aux Entreprises,08/12/2025,"2 044,46 € / mois",https://www.hellowork.com/fr-fr/emplois/56511955.html
Manager Cybersécurité Grc H/F,Forvis Mazars recrutement,Levallois-Perret - 92,CDI,Bac +5,Secteur informatique • ESN,08/12/2025,Estimation → 46 200 - 76 200 € / an,https://www.hellowork.com/fr-fr/emplois/72432299.html
Secrétaire Comptable - Saint Etienne H/F,Forvis Mazars recrutement,Saint-Étienne - 42,CDI,Bac,Bac +2,08/12/2025,Estimation → 22 200 - 27 000 € / an,https://www.hellowork.com/fr-fr/emplois/70089383.html
Business Manager H/F,ACEPP recrutement,Paris 14e - 75,CDI,Bac +5,Services aux Entreprises,08/12/2025,36 000 - 65 000 € / an,https://www.hellowork.com/fr-fr/emplois/66418628.html
Senior Manager - Expert Comptable H/F,Forvis Mazars recrutement,La Motte-Servolex - 73,CDI,Bac +5,Secteur informatique • ESN,08/12/2025,Estimation → 40 000 - 62 500 € / an,https://www.hellowork.com/fr-fr/emplois/71254057.html
Collaborateur Confirmé H/F,BPA Experts Associés recrutement,Saint-Jean-de-Védas - 34,CDI,"Bac +3, Bac +4",Bac +5,07/12/2025,30 000 - 36 000 € / an,https://www.hellowork.com/fr-fr/emplois/73478164.html
Expert-Comptable H/F,N/A,Paris - 75,CDI,Bac +5,Services aux Entreprises,07/12/2025,50 000 - 95 000 € / an,https://www.hellowork.com/fr-fr/emplois/73478163.html
Collaborateur Comptable Confirmé H/F,BPA Experts Associés recrutement,Le Mans - 72,CDI,Bac +2,"Bac +3, Bac +4",07/12/2025,30 000 - 36 000 € / an,https://www.hellowork.com/fr-fr/emplois/73478170.html
Responsable QHSE H/F,ALSEAMAR recrutement,Six-Fours-les-Plages - 83,CDI,Bac +5,Industrie Auto • Meca • Navale,08/12/2025,40 000 - 55 000 € / an,https://www.hellowork.com/fr-fr/emplois/71244309.html
Dessinateur Projeteur en Cvcd Plomberie H/F,SPIE BATIGNOLLES recrutement,Montanay - 69,CDI,Bac,Bac +2,08/12/2025,Estimation → 27 500 - 36 200 € / an,https://www.hellowork.com/fr-fr/emplois/72439494.html
Chef d'Équipe Maçonnerie Polyvalent H/F,SPIE BATIGNOLLES recrutement,Bretteville-sur-Odon - 14,CDI,"BEP, CAP",BTP,08/12/2025,Estimation → 22 700 - 32 000 € / an,https://www.hellowork.com/fr-fr/emplois/72417305.html
Bûcheron H/F,SPIE BATIGNOLLES recrutement,La Lande-Patry - 61,CDI,"BEP, CAP",BTP,08/12/2025,Estimation → 21 622 - 22 300 € / an,https://www.hellowork.com/fr-fr/emplois/72439514.html
Chef d'Équipe Paysagiste H/F,SPIE BATIGNOLLES recrutement,Servon-sur-Vilaine - 35,CDI,Bac,Bac +2,08/12/2025,Estimation → 24 570 - 30 000 € / an,https://www.hellowork.com/fr-fr/emplois/72431663.html
Technicien de Maintenance Fluides Industriels H/F,SPIE BATIGNOLLES recrutement,Pompaire - 79,CDI,Bac +2,BTP,08/12/2025,Pas de salaire renseigné,https://www.hellowork.com/fr-fr/emplois/72431676.html
Chef d'Équipe Paysagiste - Secteur Création H/F,SPIE BATIGNOLLES recrutement,Trappes - 78,CDI,Bac,Bac +2,08/12/2025,Estimation → 24 570 - 30 000 € / an,https://www.hellowork.com/fr-fr/emplois/72431680.html
Tuyauteur Soudeur H/F,SPIE BATIGNOLLES recrutement,Boé - 47,CDI,"BEP, CAP",Bac,08/12/2025,Estimation → 23 400 - 26 390 € / an,https://www.hellowork.com/fr-fr/emplois/72431681.html
Chef de Chantier Électricité H/F,SPIE BATIGNOLLES recrutement,Chambéry - 73,CDI,Bac,Bac +2,08/12/2025,Estimation → 37 200 - 50 000 € / an,https://www.hellowork.com/fr-fr/emplois/72431682.html
Technicien Plateau Technique H/F,Groupe Cerba Healthcare recrutement,Essonne - 91,CDI,Bac +2,"Bac +3, Bac +4",08/12/2025,Pas de salaire renseigné,https://www.hellowork.com/fr-fr/emplois/66399608.html
Opérateur de Relation Client Bilingue H/F,Groupe Cerba Healthcare recrutement,Val-d'Oise - 95,CDI,Bac +5,Service public hospitalier,08/12/2025,Pas de salaire renseigné,https://www.hellowork.com/fr-fr/emplois/65122943.html
Coordinateur de Projets Informatiques H/F,AS-Tech Solutions recrutement,Lattes - 34,CDI,"Bac +3, Bac +4",Bac +5,08/12/2025,42 000 - 55 000 € / an,https://www.hellowork.com/fr-fr/emplois/72409185.html
Technicien·ne Exploitation Assainissement H/F,SUEZ recrutement,L'Aigle - 61,CDI,"BEP, CAP",Bac,08/12/2025,Estimation → 22 149 - 27 300 € / an,https://www.hellowork.com/fr-fr/emplois/70090271.html
Opérateur d'Exploitation H/F,SUEZ recrutement,Oriolles - 16,CDI,Bac,Bac +2,08/12/2025,Estimation → 23 900 - 36 500 € / an,https://www.hellowork.com/fr-fr/emplois/71282725.html
Technicien de Maintenance Industrielle H/F,SUEZ recrutement,Saint-Jean-de-Folleville - 76,CDI,Bac,Bac +2,08/12/2025,Estimation → 24 500 - 32 500 € / an,https://www.hellowork.com/fr-fr/emplois/71282727.html
Auxiliaire de Vie Débutant à Chabanière H/F,Essentiel & Domicile recrutement,Rhône - 69,CDI,"BEP, CAP",Services aux Personnes • Particuliers,08/12/2025,"12,20 - 13,40 € / heure",https://www.hellowork.com/fr-fr/emplois/72408190.html
Auxiliaire de Vie - Temps Partiel H/F,Essentiel & Domicile recrutement,Cesson-Sévigné - 35,CDI,"BEP, CAP",Bac,08/12/2025,1 650 - 1 768 € / mois,https://www.hellowork.com/fr-fr/emplois/66419647.html
Technicien Electrique H/F,Trescal recrutement,Cherbourg-en-Cotentin - 50,CDI,Bac +2,"Bac +3, Bac +4",08/12/2025,24 000 - 29 500 € / an,https://www.hellowork.com/fr-fr/emplois/51033148.html
Mécanicien TP Itinérant H/F,CHRONO Flex recrutement,Nexon - 87,CDI,"BEP, CAP",Services aux Entreprises,08/12/2025,2 300 - 2 800 € / mois,https://www.hellowork.com/fr-fr/emplois/72401372.html
Responsable d'Équipe Calcul Flex H/F,Assystem recrutement,Tours - 37,CDI,Bac +5,Services aux Entreprises,08/12/2025,Estimation → 37 800 - 53 800 € / an,https://www.hellowork.com/fr-fr/emplois/71272106.html
Agent de Propreté H/F,ABER Propreté recrutement,Plabennec - 29,CDI,"BEP, CAP",Bac,08/12/2025,"12,38 € / an",https://www.hellowork.com/fr-fr/emplois/71246898.html
Agent de Propreté H/F,ABER Propreté recrutement,Gouesnou - 29,CDI,"BEP, CAP",Bac,08/12/2025,"12,38 € / jour",https://www.hellowork.com/fr-fr/emplois/71246847.html
Laveur de Vitre H/F,ABER Propreté recrutement,Morlaix - 29,CDI,"BEP, CAP",Services aux Entreprises,08/12/2025,"2 044,46 € / mois",https://www.hellowork.com/fr-fr/emplois/56511955.html
Manager Cybersécurité Grc H/F,Forvis Mazars recrutement,Levallois-Perret - 92,CDI,Bac +5,Secteur informatique • ESN,08/12/2025,Estimation → 46 200 - 76 200 € / an,https://www.hellowork.com/fr-fr/emplois/72432299.html
Conseiller Commercial H/F,Würth France recrutement,Marseille - 13,CDI,Bac +2,Distribution • Commerce de gros,08/12/2025,Estimation → 28 500 - 43 000 € / an,https://www.hellowork.com/fr-fr/emplois/71273889.html
Charge·e de Clientele Hospitalier H/F,MACSF recrutement,Grenoble - 38,CDI,Bac +2,"Bac +3, Bac +4",08/12/2025,40 000 - 42 000 € / an,https://www.hellowork.com/fr-fr/emplois/72401890.html
Charge·e de Clientele Hospitalier H/F,MACSF recrutement,Chambéry - 73,CDI,Bac +2,"Bac +3, Bac +4",08/12/2025,40 000 - 42 000 € / an,https://www.hellowork.com/fr-fr/emplois/72401713.html
Carrossier H/F,Fraikin recrutement,Amiens - 80,CDI,"BEP, CAP",Bac,08/12/2025,Estimation → 22 640 - 27 300 € / an,https://www.hellowork.com/fr-fr/emplois/71232668.html
Technicien de Maintenance Ascenseurs H/F,Schindler recrutement,Mulhouse - 68,CDI,Bac,Industrie Manufacturière,08/12/2025,1 802 - 2 500 € / mois,https://www.hellowork.com/fr-fr/emplois/72416500.html
Employé Production H/F,Dachser France recrutement,Narbonne - 11,CDI,"BEP, CAP",Bac,08/12/2025,Estimation → 21 622 - 22 750 € / an,https://www.hellowork.com/fr-fr/emplois/72440179.html
Responsable Ressources Humaines H/F,Dachser France recrutement,Wissous - 91,CDI,"Bac +3, Bac +4",Bac +5,08/12/2025,Estimation → 44 200 - 71 200 € / an,https://www.hellowork.com/fr-fr/emplois/72412918.html
Second de Cuisine H/F,Alsacienne de restauration recrutement,Épinal - 88,CDI,"BEP, CAP",Tourisme • Hôtellerie • Loisirs,08/12/2025,Estimation → 23 712 - 29 280 € / an,https://www.hellowork.com/fr-fr/emplois/72431690.html
Employé Polyvalent de REST - Equipier H/F,Elior Restauration recrutement,Asnières-sur-Seine - 92,CDI,"BEP, CAP",Bac,08/12/2025,1 441 € / mois,https://www.hellowork.com/fr-fr/emplois/72431692.html
Chef d'Équipe Propreté H/F,Onet Propreté et Services recrutement,Le Lamentin - 972,CDI,"BEP, CAP",Bac,08/12/2025,Estimation → 21 676 - 22 531 € / an,https://www.hellowork.com/fr-fr/emplois/72401212.html
Agent de Propreté H/F,Onet Propreté et Services recrutement,Pornic - 44,CDI,"BEP, CAP",Bac,08/12/2025,Pas de salaire renseigné,https://www.hellowork.com/fr-fr/emplois/72415152.html
Vendeur Produits Éditoriaux H/F,Fnac recrutement,Nice - 06,CDI,"BEP, CAP",Bac,08/12/2025,1 817 € / mois,https://www.hellowork.com/fr-fr/emplois/73479114.html
Agent de Propreté H/F,Onet Propreté et Services recrutement,Le Pouliguen - 44,CDI,"BEP, CAP",Bac,08/12/2025,Pas de salaire renseigné,https://www.hellowork.com/fr-fr/emplois/72415224.html
Inspecteur de Fabrication H/F,Safran recrutement,Corbeil-Essonnes - 91,CDI,Bac +5,Industrie Aéronautique • Aérospatial,08/12/2025,Estimation → 35 700 - 55 000 € / an,https://www.hellowork.com/fr-fr/emplois/71257332.html
Vendeur Responsable de Rayon - CDI H/F,JYSK recrutement,Val de Briey - 54,CDI,Bac,Bac +2,08/12/2025,Estimation → 24 300 - 32 900 € / an,https://www.hellowork.com/fr-fr/emplois/72410349.html
Agent de Télésurveillance H/F,IMA Protect recrutement,Nantes - 44,CDI,"BEP, CAP",Bac,08/12/2025,1 925 € / mois,https://www.hellowork.com/fr-fr/emplois/71273035.html
Preparateur de Commandes - CACES 1 - CDD - CDI H/F,EpiSaveurs - Groupe Pomona recrutement,Le Pontet - 84,CDI,Bac,Distribution • Commerce de gros,08/12/2025,Estimation → 21 622 - 22 500 € / an,https://www.hellowork.com/fr-fr/emplois/72413805.html
Responsable Ressources Humaines H/F,Sames recrutement,Stains - 93,CDI,Bac +5,Industrie Manufacturière,08/12/2025,Estimation → 44 200 - 71 200 € / an,https://www.hellowork.com/fr-fr/emplois/71257450.html
Ingénieur Commercial Senior - Intégrateur IT H/F,Epsight recrutement,Nantes - 44,CDI,"Bac +3, Bac +4",Bac +5,08/12/2025,55 000 - 75 000 € / an,https://www.hellowork.com/fr-fr/emplois/71273678.html
Responsable d'Exploitation H/F,Dalkia recrutement,Saillat-sur-Vienne - 87,CDI,Bac +5,Secteur Energie • Environnement,08/12/2025,Pas de salaire renseigné,https://www.hellowork.com/fr-fr/emplois/71274974.html
Technicien de Quart en Maintenance CVC - Electricien - Site Hospitalier H/F,Dalkia recrutement,Saclay - 91,CDI,Bac,Secteur Energie • Environnement,08/12/2025,Pas de salaire renseigné,https://www.hellowork.com/fr-fr/emplois/68934710.html
Responsable Gestion des Terminaux Ferroviaire de Valognes Maritime de Cherbourg et Wagons H/F,Orano recrutement,Valognes - 50,CDI,Bac +5,Secteur Energie • Environnement,08/12/2025,Estimation → 47 500 - 65 000 € / an,https://www.hellowork.com/fr-fr/emplois/72426679.html
Ingénieur Etudes de Prix - Estimation des Coûts H/F,Orano recrutement,Bagnols-sur-Cèze - 30,CDI,Bac +5,Secteur Energie • Environnement,08/12/2025,Estimation → 30 000 - 57 500 € / an,https://www.hellowork.com/fr-fr/emplois/72426676.html
Directeur Adjoint en Charge de la Préparation et de l'Exploitation du Chantier Site Adf H/F,Orano recrutement,La Hague - 50,CDI,Bac +5,Secteur Energie • Environnement,08/12/2025,Pas de salaire renseigné,https://www.hellowork.com/fr-fr/emplois/72408984.html
Vendeur H/F,Feu Vert recrutement,Clermont-Ferrand - 63,CDI,"BEP, CAP",Bac,08/12/2025,1 900 - 2 500 € / mois,https://www.hellowork.com/fr-fr/emplois/71259988.html
Agent Logistique H/F,Feu Vert recrutement,Ain - 01,CDI,Bac,Bac +2,08/12/2025,1 865 - 1 905 € / mois,https://www.hellowork.com/fr-fr/emplois/72427055.html
Préparateur de Commande Confirmé H/F,Feu Vert recrutement,Ain - 01,CDI,"BEP, CAP",Bac,08/12/2025,1 865 - 1 950 € / mois,https://www.hellowork.com/fr-fr/emplois/72426970.html
Vendeur H/F,Feu Vert recrutement,Annemasse - 74,CDI,"BEP, CAP",Bac,08/12/2025,1 900 - 2 500 € / mois,https://www.hellowork.com/fr-fr/emplois/72412915.html
Technicien Projets Démantèlement H/F,Orano recrutement,Chusclan - 30,CDI,Bac +2,"Bac +3, Bac +4",08/12/2025,Pas de salaire renseigné,https://www.hellowork.com/fr-fr/emplois/55263511.html
Opérateur - Technicien d'Exploitation 7x8 Gbii H/F,Orano recrutement,Pierrelatte - 26,CDI,Bac,Bac +2,08/12/2025,Estimation → 23 700 - 37 500 € / an,https://www.hellowork.com/fr-fr/emplois/71229856.html
Conseiller Commercial H/F,Würth France recrutement,Marseille - 13,CDI,Bac +2,Distribution • Commerce de gros,08/12/2025,Estimation → 28 500 - 43 000 € / an,https://www.hellowork.com/fr-fr/emplois/71273889.html
Charge·e de Clientele Hospitalier H/F,MACSF recrutement,Grenoble - 38,CDI,Bac +2,"Bac +3, Bac +4",08/12/2025,40 000 - 42 000 € / an,https://www.hellowork.com/fr-fr/emplois/72401890.html
Charge·e de Clientele Hospitalier H/F,MACSF recrutement,Chambéry - 73,CDI,Bac +2,"Bac +3, Bac +4",08/12/2025,40 000 - 42 000 € / an,https://www.hellowork.com/fr-fr/emplois/72401713.html
Carrossier H/F,Fraikin recrutement,Amiens - 80,CDI,"BEP, CAP",Bac,08/12/2025,Estimation → 22 640 - 27 300 € / an,https://www.hellowork.com/fr-fr/emplois/71232668.html
Technicien de Maintenance Ascenseurs H/F,Schindler recrutement,Mulhouse - 68,CDI,Bac,Industrie Manufacturière,08/12/2025,1 802 - 2 500 € / mois,https://www.hellowork.com/fr-fr/emplois/72416500.html
Employé Production H/F,Dachser France recrutement,Narbonne - 11,CDI,"BEP, CAP",Bac,08/12/2025,Estimation → 21 622 - 22 750 € / an,https://www.hellowork.com/fr-fr/emplois/72440179.html
Responsable Ressources Humaines H/F,Dachser France recrutement,Wissous - 91,CDI,"Bac +3, Bac +4",Bac +5,08/12/2025,Estimation → 44 200 - 71 200 € / an,https://www.hellowork.com/fr-fr/emplois/72412918.html
Second de Cuisine H/F,Alsacienne de restauration recrutement,Épinal - 88,CDI,"BEP, CAP",Tourisme • Hôtellerie • Loisirs,08/12/2025,Estimation → 23 712 - 29 280 € / an,https://www.hellowork.com/fr-fr/emplois/72431690.html
Employé Polyvalent de REST - Equipier H/F,Elior Restauration recrutement,Asnières-sur-Seine - 92,CDI,"BEP, CAP",Bac,08/12/2025,1 441 € / mois,https://www.hellowork.com/fr-fr/emplois/72431692.html
Chef d'Équipe Propreté H/F,Onet Propreté et Services recrutement,Le Lamentin - 972,CDI,"BEP, CAP",Bac,08/12/2025,Estimation → 21 676 - 22 531 € / an,https://www.hellowork.com/fr-fr/emplois/72401212.html
Agent de Propreté H/F,Onet Propreté et Services recrutement,Pornic - 44,CDI,"BEP, CAP",Bac,08/12/2025,Pas de salaire renseigné,https://www.hellowork.com/fr-fr/emplois/72415152.html
Vendeur Produits Éditoriaux H/F,Fnac recrutement,Nice - 06,CDI,"BEP, CAP",Bac,08/12/2025,1 817 € / mois,https://www.hellowork.com/fr-fr/emplois/73479114.html
Agent de Propreté H/F,Onet Propreté et Services recrutement,Le Pouliguen - 44,CDI,"BEP, CAP",Bac,08/12/2025,Pas de salaire renseigné,https://www.hellowork.com/fr-fr/emplois/72415224.html
Inspecteur de Fabrication H/F,Safran recrutement,Corbeil-Essonnes - 91,CDI,Bac +5,Industrie Aéronautique • Aérospatial,08/12/2025,Estimation → 35 700 - 55 000 € / an,https://www.hellowork.com/fr-fr/emplois/71257332.html
Vendeur Responsable de Rayon - CDI H/F,JYSK recrutement,Val de Briey - 54,CDI,Bac,Bac +2,08/12/2025,Estimation → 24 300 - 32 900 € / an,https://www.hellowork.com/fr-fr/emplois/72410349.html
Agent de Télésurveillance H/F,IMA Protect recrutement,Nantes - 44,CDI,"BEP, CAP",Bac,08/12/2025,1 925 € / mois,https://www.hellowork.com/fr-fr/emplois/71273035.html
Preparateur de Commandes - CACES 1 - CDD - CDI H/F,EpiSaveurs - Groupe Pomona recrutement,Le Pontet - 84,CDI,Bac,Distribution • Commerce de gros,08/12/2025,Estimation → 21 622 - 22 500 € / an,https://www.hellowork.com/fr-fr/emplois/72413805.html
Responsable Ressources Humaines H/F,Sames recrutement,Stains - 93,CDI,Bac +5,Industrie Manufacturière,08/12/2025,Estimation → 44 200 - 71 200 € / an,https://www.hellowork.com/fr-fr/emplois/71257450.html
Ingénieur Commercial Senior - Intégrateur IT H/F,Epsight recrutement,Nantes - 44,CDI,"Bac +3, Bac +4",Bac +5,08/12/2025,55 000 - 75 000 € / an,https://www.hellowork.com/fr-fr/emplois/71273678.html
Responsable d'Exploitation H/F,Dalkia recrutement,Saillat-sur-Vienne - 87,CDI,Bac +5,Secteur Energie • Environnement,08/12/2025,Pas de salaire renseigné,https://www.hellowork.com/fr-fr/emplois/71274974.html
Technicien de Quart en Maintenance CVC - Electricien - Site Hospitalier H/F,Dalkia recrutement,Saclay - 91,CDI,Bac,Secteur Energie • Environnement,08/12/2025,Pas de salaire renseigné,https://www.hellowork.com/fr-fr/emplois/68934710.html
Responsable Gestion des Terminaux Ferroviaire de Valognes Maritime de Cherbourg et Wagons H/F,Orano recrutement,Valognes - 50,CDI,Bac +5,Secteur Energie • Environnement,08/12/2025,Estimation → 47 500 - 65 000 € / an,https://www.hellowork.com/fr-fr/emplois/72426679.html
Ingénieur Etudes de Prix - Estimation des Coûts H/F,Orano recrutement,Bagnols-sur-Cèze - 30,CDI,Bac +5,Secteur Energie • Environnement,08/12/2025,Estimation → 30 000 - 57 500 € / an,https://www.hellowork.com/fr-fr/emplois/72426676.html
Directeur Adjoint en Charge de la Préparation et de l'Exploitation du Chantier Site Adf H/F,Orano recrutement,La Hague - 50,CDI,Bac +5,Secteur Energie • Environnement,08/12/2025,Pas de salaire renseigné,https://www.hellowork.com/fr-fr/emplois/72408984.html
Vendeur H/F,Feu Vert recrutement,Clermont-Ferrand - 63,CDI,"BEP, CAP",Bac,08/12/2025,1 900 - 2 500 € / mois,https://www.hellowork.com/fr-fr/emplois/71259988.html
Agent Logistique H/F,Feu Vert recrutement,Ain - 01,CDI,Bac,Bac +2,08/12/2025,1 865 - 1 905 € / mois,https://www.hellowork.com/fr-fr/emplois/72427055.html
Préparateur de Commande Confirmé H/F,Feu Vert recrutement,Ain - 01,CDI,"BEP, CAP",Bac,08/12/2025,1 865 - 1 950 € / mois,https://www.hellowork.com/fr-fr/emplois/72426970.html
Vendeur H/F,Feu Vert recrutement,Annemasse - 74,CDI,"BEP, CAP",Bac,08/12/2025,1 900 - 2 500 € / mois,https://www.hellowork.com/fr-fr/emplois/72412915.html
Technicien Projets Démantèlement H/F,Orano recrutement,Chusclan - 30,CDI,Bac +2,"Bac +3, Bac +4",08/12/2025,Pas de salaire renseigné,https://www.hellowork.com/fr-fr/emplois/55263511.html
Opérateur - Technicien d'Exploitation 7x8 Gbii H/F,Orano recrutement,Pierrelatte - 26,CDI,Bac,Bac +2,08/12/2025,Estimation → 23 700 - 37 500 € / an,https://www.hellowork.com/fr-fr/emplois/71229856.html
Conseiller Commercial H/F,Würth France recrutement,Marseille - 13,CDI,Bac +2,Distribution • Commerce de gros,08/12/2025,Estimation → 28 500 - 43 000 € / an,https://www.hellowork.com/fr-fr/emplois/71273889.html
Charge·e de Clientele Hospitalier H/F,MACSF recrutement,Grenoble - 38,CDI,Bac +2,"Bac +3, Bac +4",08/12/2025,40 000 - 42 000 € / an,https://www.hellowork.com/fr-fr/emplois/72401890.html
Charge·e de Clientele Hospitalier H/F,MACSF recrutement,Chambéry - 73,CDI,Bac +2,"Bac +3, Bac +4",08/12/2025,40 000 - 42 000 € / an,https://www.hellowork.com/fr-fr/emplois/72401713.html
Carrossier H/F,Fraikin recrutement,Amiens - 80,CDI,"BEP, CAP",Bac,08/12/2025,Estimation → 22 640 - 27 300 € / an,https://www.hellowork.com/fr-fr/emplois/71232668.html
Technicien de Maintenance Ascenseurs H/F,Schindler recrutement,Mulhouse - 68,CDI,Bac,Industrie Manufacturière,08/12/2025,1 802 - 2 500 € / mois,https://www.hellowork.com/fr-fr/emplois/72416500.html
Employé Production H/F,Dachser France recrutement,Narbonne - 11,CDI,"BEP, CAP",Bac,08/12/2025,Estimation → 21 622 - 22 750 € / an,https://www.hellowork.com/fr-fr/emplois/72440179.html
Responsable Ressources Humaines H/F,Dachser France recrutement,Wissous - 91,CDI,"Bac +3, Bac +4",Bac +5,08/12/2025,Estimation → 44 200 - 71 200 € / an,https://www.hellowork.com/fr-fr/emplois/72412918.html
Second de Cuisine H/F,Alsacienne de restauration recrutement,Épinal - 88,CDI,"BEP, CAP",Tourisme • Hôtellerie • Loisirs,08/12/2025,Estimation → 23 712 - 29 280 € / an,https://www.hellowork.com/fr-fr/emplois/72431690.html
Employé Polyvalent de REST - Equipier H/F,Elior Restauration recrutement,Asnières-sur-Seine - 92,CDI,"BEP, CAP",Bac,08/12/2025,1 441 € / mois,https://www.hellowork.com/fr-fr/emplois/72431692.html
Chef d'Équipe Propreté H/F,Onet Propreté et Services recrutement,Le Lamentin - 972,CDI,"BEP, CAP",Bac,08/12/2025,Estimation → 21 676 - 22 531 € / an,https://www.hellowork.com/fr-fr/emplois/72401212.html
Agent de Propreté H/F,Onet Propreté et Services recrutement,Pornic - 44,CDI,"BEP, CAP",Bac,08/12/2025,Pas de salaire renseigné,https://www.hellowork.com/fr-fr/emplois/72415152.html
Vendeur Produits Éditoriaux H/F,Fnac recrutement,Nice - 06,CDI,"BEP, CAP",Bac,08/12/2025,1 817 € / mois,https://www.hellowork.com/fr-fr/emplois/73479114.html
Agent de Propreté H/F,Onet Propreté et Services recrutement,Le Pouliguen - 44,CDI,"BEP, CAP",Bac,08/12/2025,Pas de salaire renseigné,https://www.hellowork.com/fr-fr/emplois/72415224.html
Inspecteur de Fabrication H/F,Safran recrutement,Corbeil-Essonnes - 91,CDI,Bac +5,Industrie Aéronautique • Aérospatial,08/12/2025,Estimation → 35 700 - 55 000 € / an,https://www.hellowork.com/fr-fr/emplois/71257332.html
Vendeur Responsable de Rayon - CDI H/F,JYSK recrutement,Val de Briey - 54,CDI,Bac,Bac +2,08/12/2025,Estimation → 24 300 - 32 900 € / an,https://www.hellowork.com/fr-fr/emplois/72410349.html
Agent de Télésurveillance H/F,IMA Protect recrutement,Nantes - 44,CDI,"BEP, CAP",Bac,08/12/2025,1 925 € / mois,https://www.hellowork.com/fr-fr/emplois/71273035.html
Preparateur de Commandes - CACES 1 - CDD - CDI H/F,EpiSaveurs - Groupe Pomona recrutement,Le Pontet - 84,CDI,Bac,Distribution • Commerce de gros,08/12/2025,Estimation → 21 622 - 22 500 € / an,https://www.hellowork.com/fr-fr/emplois/72413805.html
Responsable Ressources Humaines H/F,Sames recrutement,Stains - 93,CDI,Bac +5,Industrie Manufacturière,08/12/2025,Estimation → 44 200 - 71 200 € / an,https://www.hellowork.com/fr-fr/emplois/71257450.html
Ingénieur Commercial Senior - Intégrateur IT H/F,Epsight recrutement,Nantes - 44,CDI,"Bac +3, Bac +4",Bac +5,08/12/2025,55 000 - 75 000 € / an,https://www.hellowork.com/fr-fr/emplois/71273678.html
Responsable d'Exploitation H/F,Dalkia recrutement,Saillat-sur-Vienne - 87,CDI,Bac +5,Secteur Energie • Environnement,08/12/2025,Pas de salaire renseigné,https://www.hellowork.com/fr-fr/emplois/71274974.html
Technicien de Quart en Maintenance CVC - Electricien - Site Hospitalier H/F,Dalkia recrutement,Saclay - 91,CDI,Bac,Secteur Energie • Environnement,08/12/2025,Pas de salaire renseigné,https://www.hellowork.com/fr-fr/emplois/68934710.html
Responsable Gestion des Terminaux Ferroviaire de Valognes Maritime de Cherbourg et Wagons H/F,Orano recrutement,Valognes - 50,CDI,Bac +5,Secteur Energie • Environnement,08/12/2025,Estimation → 47 500 - 65 000 € / an,https://www.hellowork.com/fr-fr/emplois/72426679.html
Ingénieur Etudes de Prix - Estimation des Coûts H/F,Orano recrutement,Bagnols-sur-Cèze - 30,CDI,Bac +5,Secteur Energie • Environnement,08/12/2025,Estimation → 30 000 - 57 500 € / an,https://www.hellowork.com/fr-fr/emplois/72426676.html
Directeur Adjoint en Charge de la Préparation et de l'Exploitation du Chantier Site Adf H/F,Orano recrutement,La Hague - 50,CDI,Bac +5,Secteur Energie • Environnement,08/12/2025,Pas de salaire renseigné,https://www.hellowork.com/fr-fr/emplois/72408984.html
Vendeur H/F,Feu Vert recrutement,Clermont-Ferrand - 63,CDI,"BEP, CAP",Bac,08/12/2025,1 900 - 2 500 € / mois,https://www.hellowork.com/fr-fr/emplois/71259988.html
Agent Logistique H/F,Feu Vert recrutement,Ain - 01,CDI,Bac,Bac +2,08/12/2025,1 865 - 1 905 € / mois,https://www.hellowork.com/fr-fr/emplois/72427055.html
Préparateur de Commande Confirmé H/F,Feu Vert recrutement,Ain - 01,CDI,"BEP, CAP",Bac,08/12/2025,1 865 - 1 950 € / mois,https://www.hellowork.com/fr-fr/emplois/72426970.html
Vendeur H/F,Feu Vert recrutement,Annemasse - 74,CDI,"BEP, CAP",Bac,08/12/2025,1 900 - 2 500 € / mois,https://www.hellowork.com/fr-fr/emplois/72412915.html
Technicien Projets Démantèlement H/F,Orano recrutement,Chusclan - 30,CDI,Bac +2,"Bac +3, Bac +4",08/12/2025,Pas de salaire renseigné,https://www.hellowork.com/fr-fr/emplois/55263511.html
Opérateur - Technicien d'Exploitation 7x8 Gbii H/F,Orano recrutement,Pierrelatte - 26,CDI,Bac,Bac +2,08/12/2025,Estimation → 23 700 - 37 500 € / an,https://www.hellowork.com/fr-fr/emplois/71229856.html
